,Cash,Top Value,Top Growth,Mid Value,Mid Growth,Sm Value,Sm Growth
1986-01-01,0.0,0.0,0.0,0.0,0.0,0.0,0.0
1986-02-01,0.0353112269411,0.0440469275678,0.0130617883612,0.148775526625,0.112635959725,0.0508999734793,0.133780827879
1986-03-01,0.0252341482848,-0.0801626777692,-0.112573393056,0.0230900307577,-0.0352214370686,-0.0665842670534,0.0100743670409
1986-04-01,0.0806914220631,0.379738251711,0.510972661503,0.470971270136,0.556304951235,0.441296900785,0.457462996169
1986-05-01,0.04063984365,0.58062478408,0.538113220726,0.609225742759,0.471867655874,0.402248517858,0.268097669852
1986-06-01,-0.000402377665881,0.14764292894,0.122635889461,0.280878552757,-0.0208493681855,0.147687213249,-0.0195887875603
1986-07-01,0.0282990852148,0.209016248877,0.255710550576,0.345658497502,0.0628562699317,0.113783185407,-0.00223122306695
1986-08-01,0.0274759378292,0.214773447699,0.266201592924,0.354797720517,0.0759915303166,0.126974565276,0.0155074855729
1986-09-01,0.0270719438713,0.206247704637,0.262253104983,0.347065583596,0.0721365077662,0.123456018135,0.013678962644
1986-10-01,0.0283958559598,0.184604000502,0.230448037403,0.328598799855,0.04736967869,0.110434529745,-0.0106485368951
1986-11-01,0.0320418156018,0.22984748398,0.276733883089,0.365453749369,0.0973120648217,0.134160679062,0.0313520419339
1986-12-01,-0.0611814819998,-0.280048148895,-0.18762441453,0.252325122772,-0.0944348311612,0.18153584399,0.121201492661
1987-01-01,-0.0310569922221,-0.481457271305,-0.324083596444,0.07651013533,-0.285426240343,0.0260418280302,-0.0948052896431
1987-02-01,-0.0170454901209,-0.123587045852,0.114381245365,0.406722096179,0.133063188141,0.339863706151,0.292862377369
1987-03-01,-0.0277214654536,-0.129024906658,-0.0311206927263,0.301679632721,-0.0336531204995,0.179927939996,0.0761759321921
1987-04-01,0.00577909754611,0.123301739386,0.0910889951031,0.342769198473,0.0616577278943,0.367302007875,0.269833456003
1987-05-01,0.0540075270213,0.0776906971195,-0.0652636960228,0.105787955211,-0.193371755749,0.109526052869,-0.0338478060587
1987-06-01,0.21148170871,0.231938188052,0.347452563499,0.128556295868,0.0134673952935,0.129408265838,-0.259286446652
1987-07-01,0.223319248898,0.358237343879,0.469874220625,0.22712767796,0.113282503384,0.193764989574,-0.198807221618
1987-08-01,0.220502874769,0.335953312232,0.442181775766,0.203725451176,0.0873186969256,0.171840377792,-0.212453766344
1987-09-01,0.217279402826,0.310496537676,0.412062749618,0.184006832428,0.0613585753694,0.153052950994,-0.230643468579
1987-10-01,0.25404232814,0.181083176378,0.225737462992,0.0676641525436,-0.0890223373656,0.038071800424,-0.366592170585
1987-11-01,0.250743336584,0.291217462542,0.35507691513,0.203311827315,0.0749317766282,0.206877928318,-0.169945122845
1987-12-01,0.241044745941,0.451538478641,0.534946890636,0.294566369828,0.210914338265,0.288983557829,-0.0407069522041
1988-01-01,0.242500424945,0.467280062487,0.557903612092,0.312160250616,0.249192201563,0.306283423229,-0.0101175912891
1988-02-01,0.227654789859,0.220780434051,0.521698145194,0.105928455142,0.21915441453,0.106130350699,-0.0679988946341
1988-03-01,0.225921368499,0.209766851997,0.505742298078,0.0831343878334,0.190033395828,0.0752624969321,-0.10105384271
1988-04-01,0.222173666,0.234649248712,0.542231867805,0.0836109737451,0.186558930794,0.0441306752778,-0.142224715989
1988-05-01,0.240174340454,0.306951274779,0.542160599174,0.106666375847,0.206692319029,0.119711058367,-0.0561678441544
1988-06-01,0.25040866889,0.344545768775,0.545705818729,0.120164751907,0.173135962814,0.0790453046492,-0.118654708609
1988-07-01,0.250102295728,0.342649251199,0.54311562284,0.116729519985,0.169094230348,0.0753533529205,-0.122601240813
1988-08-01,0.215897287994,0.312301127685,0.587479709463,0.159014968012,0.393884147174,0.0787385643496,-0.0120770571368
1988-09-01,0.229206367848,0.258436163422,0.510764234043,0.135567615147,0.312692358934,0.046466480497,-0.0895812162439
1988-10-01,0.210583889614,0.158945735601,0.349245463247,0.0475142101137,0.197271792231,-0.0253358487893,-0.172207870668
1988-11-01,0.217508969402,0.190780235477,0.380930805493,0.0597557898852,0.190836705911,-0.0315045821989,-0.189925666282
1988-12-01,0.204344614644,0.199392801677,0.412806764791,0.105033280765,0.236398127544,0.0213633241667,-0.116198313867
1989-01-01,0.202647321937,0.197255893916,0.406929678142,0.101064063144,0.227609651648,0.0142961805989,-0.127744699449
1989-02-01,0.207314529338,0.245511407301,0.455670567087,0.140766472078,0.266269159041,0.0448092495493,-0.0997503361043
1989-03-01,0.166970005333,0.393264416272,0.616860653712,0.129194131731,0.311242235268,-0.022540674362,-0.113077723328
1989-04-01,0.124376016401,0.261675844061,0.459178347606,0.0194436629931,0.242648192307,-0.130835269535,-0.268520223949
1989-05-01,0.127660982848,0.279526316107,0.486237850461,0.0377561265509,0.267710131861,-0.114414771218,-0.24658662692
1989-06-01,0.129383948638,0.289182448962,0.496299703184,0.0470471115251,0.280390071026,-0.105345738877,-0.235154872995
1989-07-01,0.0722112963354,0.359789403958,0.529435064451,0.0170207471179,0.390023118181,0.00142375853827,0.0282917030026
1989-08-01,0.0649771653054,0.284847836998,0.411425975192,-0.0513099068753,0.305937885883,-0.0319420343414,-0.0220091883538
1989-09-01,0.0831464261012,0.342204231642,0.433187353123,0.0279142783057,0.408918685358,0.0211844592135,0.0544748722222
1989-10-01,-0.159573731507,0.558406076696,0.196796880772,0.590259315018,0.421765993638,0.212058753659,-0.367283905312
1989-11-01,-0.139478302507,0.478104846526,0.170922039939,0.43316426473,0.293499392649,0.0154591901378,-0.535639587876
1989-12-01,-0.129857523581,0.499369514294,0.210602379933,0.44279798162,0.32826007539,0.0211131245929,-0.522613510313
1990-01-01,-0.115063300715,0.563200503698,0.247403591754,0.46978252108,0.385441060936,0.0132416914561,-0.496963495436
1990-02-01,-0.11217635401,0.538057190362,0.214053627608,0.438552388494,0.344684880303,-0.0179312672499,-0.542359556351
1990-03-01,-0.0962963269972,0.605564510803,0.219171079459,0.486546434588,0.393850679391,0.0395802827535,-0.45170413595
1990-04-01,-0.0926813482194,0.610622260777,0.239988949081,0.49269256114,0.41621041583,0.0568609285007,-0.427253009226
1990-05-01,-0.0745661510713,0.529054965731,0.219570044544,0.344966932164,0.341304991495,-0.0402507315377,-0.507601669386
1990-06-01,-0.0731659649786,0.546788983352,0.241574143696,0.362051475655,0.36299067963,-0.0294437350684,-0.488802767235
1990-07-01,-0.0602974443499,0.501273128221,0.261477621303,0.320458061965,0.386971942892,-0.0314049557886,-0.477287877264
1990-08-01,-0.0759108191286,0.498287272348,0.266159443312,0.387938404707,0.463123211091,0.0694930858907,-0.36881770509
1990-09-01,-0.0746815396278,0.482578922068,0.248820086839,0.368302483167,0.440623838582,0.0457844857763,-0.396829220714
1990-10-01,-0.0752351078099,0.485544911964,0.253189312498,0.375181055478,0.446561077221,0.0530671128581,-0.388526377249
1990-11-01,-0.0857108748621,0.487792813704,0.235257187258,0.444082649707,0.478389322306,0.165479229394,-0.293041641994
1990-12-01,-0.0905712146662,0.438917105848,0.189963444158,0.372668736649,0.392237032916,0.116780607437,-0.367039399292
1991-01-01,-0.0889938998143,0.443901320767,0.198848945011,0.384010704261,0.404681120658,0.125136980964,-0.353962003714
1991-02-01,-0.0890082356056,0.443802234463,0.19873080365,0.383843046585,0.404479807993,0.124906092701,-0.354214040408
1991-03-01,-0.090497234486,0.42618132761,0.176231163185,0.3604315755,0.378667085208,0.0928894033768,-0.387898998617
1991-04-01,-0.0956195126373,0.42030137898,0.140311684245,0.326533011547,0.325595217258,0.022015203908,-0.459443451297
1991-05-01,-0.104757730748,0.415765776686,0.146604832427,0.293479809832,0.34241474243,0.00752017491124,-0.436954423258
1991-06-01,-0.0925769671548,0.502360854117,0.257532840653,0.410932995012,0.473854163473,0.129470792813,-0.311416257868
1991-07-01,-0.0937954204291,0.513386035286,0.269049898836,0.421094205673,0.487743954819,0.141403270444,-0.29407058449
1991-08-01,-0.106895327787,0.409370629131,0.12086803462,0.290361489811,0.350624089638,0.0708184756217,-0.417247438603
1991-09-01,-0.101657744772,0.423096222389,0.1598854742,0.323716404306,0.386517377447,0.105678036741,-0.36654888744
1991-10-01,-0.0977865554658,0.417520568724,0.14095418501,0.31602286669,0.385523268654,0.106680789959,-0.353513095614
1991-11-01,-0.0950211300058,0.427223385003,0.149752008432,0.328453590011,0.400029011312,0.114030624809,-0.325988384277
1991-12-01,-0.102194694795,0.525437270706,0.192231243757,0.413849052367,0.460078954777,0.187918638932,-0.230997312398
1992-01-01,-0.105695176688,0.449043042122,0.0477854958046,0.31592297645,0.324792050636,0.12258756822,-0.327482558101
1992-02-01,-0.102317826182,0.435610769347,0.0129238210568,0.342611191007,0.334023496791,0.209352789662,-0.246007266478
1992-03-01,-0.0987015219989,0.453797049429,0.0144172199686,0.383895374258,0.33641293505,0.262119551213,-0.234203883968
1992-04-01,-0.103071741677,0.471605574604,0.0438152192094,0.403122501723,0.38844524047,0.275900259172,-0.161361189597
1992-05-01,-0.104857126158,0.441150931794,0.0354251700931,0.388802136766,0.399193937933,0.283678182885,-0.128755684129
1992-06-01,-0.118817548084,0.430622912846,-0.0044469016696,0.347138061778,0.390457922209,0.161866763645,-0.118720466068
1992-07-01,-0.122488212632,0.436854921014,0.0235208487338,0.356222005887,0.425373598857,0.199869103472,-0.0438776862429
1992-08-01,-0.129864619745,0.334507730306,-0.0982318687194,0.24741535313,0.304380818115,0.0976304751512,-0.129072019744
1992-09-01,-0.143501279433,0.494669327888,-0.0371014879628,0.396267830272,0.371063875124,0.196916401897,0.0670546185169
1992-10-01,-0.144271552105,0.49150128244,-0.0398445903782,0.389925396942,0.36411573941,0.190929144833,0.0582005815877
1992-11-01,-0.152193631377,0.529557056484,-0.0742543022387,0.322017488766,0.266062709965,0.114947813251,-0.0756619871641
1992-12-01,-0.152325267229,0.528254079235,-0.0760889176388,0.319959770855,0.26297784176,0.111927386034,-0.0802182579275
1993-01-01,-0.16122165499,0.468606761264,-0.0991123937935,0.216629373654,0.200934268887,-0.0223600339572,-0.169073980246
1993-02-01,-0.162548536085,0.452488481462,-0.0895496639647,0.203712285311,0.194914803608,-0.0494501804983,-0.175404885205
1993-03-01,-0.160338175413,0.491637447511,-0.0992289174485,0.222762255055,0.167772343247,-0.0459240407956,-0.223281047017
1993-04-01,-0.156333020722,0.532945698368,-0.0735362328011,0.277861082168,0.213730351115,0.0142688887088,-0.182401272063
1993-05-01,-0.145938737396,0.491929110924,-0.242065527322,0.203053627349,0.0391654551265,-0.0878687896602,-0.317267211915
1993-06-01,-0.133020136606,0.587069619736,-0.0822130246729,0.318856742612,0.281719783101,0.0737826961374,-0.00912709828803
1993-07-01,-0.163912280206,0.31826515951,0.0453013119122,0.0736006363266,0.330111650447,-0.0372477926897,-0.0371496394766
1993-08-01,-0.165703390928,0.310450865866,0.0618004571144,0.0660281643242,0.332288045229,-0.0491108715475,-0.0440450108803
1993-09-01,-0.163130102315,0.347552495436,0.0954586414512,0.0999550568151,0.390149867741,-0.0102178542831,0.00361585393019
1993-10-01,-0.176362478895,0.326378914327,0.179147220785,0.11361201663,0.326787926272,-0.13710053908,-0.171224992078
1993-11-01,-0.172321835005,0.334871875688,0.2308728028,0.0958426103884,0.352031765298,-0.101216993846,-0.12590830526
1993-12-01,-0.173256471769,0.341652117494,0.23064362146,0.10399441437,0.360232931414,-0.092243662907,-0.11164617416
1994-01-01,-0.173318457323,0.34138841988,0.230462284847,0.103210679426,0.359280439492,-0.0929419512785,-0.112582763526
1994-02-01,-0.159429708794,0.575325017056,0.350519486856,0.262466885917,0.499948554597,0.101795641416,0.0329510578539
1994-03-01,-0.13909081035,0.262232387029,0.188453101274,0.134170343814,0.437892859316,0.0806534103498,0.00120163236146
1994-04-01,-0.136764884463,0.234457192016,0.15106253305,0.104536329636,0.401840946869,0.0464220697596,-0.0457890101516
1994-05-01,-0.112020132672,0.403497955953,0.213529046368,0.219123096906,0.382859839459,0.122891039364,-0.0338869223089
1994-06-01,-0.0964767277029,0.479121933746,0.30600188968,0.224652311172,0.389216259009,0.116665231174,-0.131453608685
1994-07-01,-0.087984720302,0.414407087098,0.249746812498,0.180776218688,0.28640855211,0.054650819412,-0.233568283622
1994-08-01,-0.0848217780416,0.436583905339,0.281104038138,0.214595654976,0.309846089893,0.0702871262073,-0.221511066531
1994-09-01,-0.0826693620213,0.450080243599,0.311455353976,0.23544393114,0.343348236261,0.0923766386406,-0.180297529222
1994-10-01,-0.0745004731928,0.379376969363,0.285818198236,0.170948849886,0.309337238824,0.0704313983292,-0.171655559588
1994-11-01,-0.0610800764172,0.450450533867,0.369493908836,0.168187170515,0.364189904953,0.0122139274488,-0.137848794873
1994-12-01,-0.0573867530075,0.419410322734,0.34789860537,0.132432605813,0.328467741306,-0.0204868377766,-0.170622462473
1995-01-01,-0.0562458432506,0.422047585033,0.352117754948,0.135267310209,0.331763143929,-0.0134329838025,-0.165084681746
1995-02-01,-0.0805108151772,0.264365459552,0.228382107553,-0.00306581261177,0.27288339406,0.0102756675591,-0.0653026097965
1995-03-01,-0.0741742429911,0.307380549673,0.276096756773,0.061739309728,0.341206765562,0.057823392549,-0.00596746608099
1995-04-01,-0.0682787377556,0.335933303944,0.305998839517,0.0844007995104,0.388987450558,0.0636905618866,0.0292235023691
1995-05-01,-0.0661044744804,0.352748020985,0.318434723995,0.093899497839,0.392755492117,0.0770471239808,0.0359781322916
1995-06-01,-0.0661862279044,0.352021684563,0.317774724279,0.0932228297623,0.392340466785,0.076686144544,0.0357575711619
1995-07-01,-0.0795868666398,0.328055230541,0.215127033912,0.0269846085149,0.26155949286,-0.0215073487326,-0.16226741045
1995-08-01,-0.0738666253862,0.370764208203,0.254259234424,0.06977214271,0.338808796184,0.0232760123824,-0.0666027373358
1995-09-01,-0.0550911924325,0.417186847636,0.239889448923,0.149604737202,0.383409741312,0.144359590664,-0.0163044127034
1995-10-01,-0.0697430736919,0.277907045742,0.0530120538779,0.0749962499408,0.311019634323,0.0957926759281,-0.0832721737769
1995-11-01,-0.0873152008839,0.298215955026,0.00374709772188,0.150844444184,0.409300596206,0.251164973105,0.10805790111
1995-12-01,-0.0887774483593,0.282669064522,-0.00786234216725,0.133370688948,0.395017831219,0.238465240933,0.0939508866381
1996-01-01,-0.0921882787157,0.257814200103,-0.0140673444689,0.124900872425,0.394587950271,0.214471687532,0.0767920530358
1996-02-01,-0.0859237649161,0.308156657568,0.0450054335967,0.160513201504,0.420442173227,0.224191727523,0.0646679905009
1996-03-01,-0.0975902202861,0.289348751171,0.0170174101883,0.133587691638,0.313258640375,0.179795661641,-0.064536489702
1996-04-01,-0.068324650122,0.393648510149,0.00585207152741,0.279546477516,0.367618758837,0.32500040668,0.0722562034087
1996-05-01,-0.069149927538,0.393291729742,0.00236237914016,0.277753075409,0.357416950312,0.319240197558,0.0560495061804
1996-06-01,-0.0794435980094,0.359936882474,-0.0975340313658,0.25484398538,0.308385060622,0.258417500262,-0.0671258832063
1996-07-01,-0.0820708017124,0.359521372711,-0.106949036326,0.254193281411,0.326608993168,0.265538457127,-0.0279413224637
1996-08-01,-0.0801357697556,0.345034169407,-0.129172806181,0.233334813805,0.292562398795,0.242221305162,-0.0814832750983
1996-09-01,-0.08007474596,0.345347888373,-0.128969295987,0.233927546435,0.293326396082,0.242834677198,-0.0804367158652
1996-10-01,-0.0807442979694,0.339030865673,-0.140722555504,0.228303478084,0.283595313094,0.23865213161,-0.088326099934
1996-11-01,-0.0858855435891,0.285255992162,-0.156915379199,0.196580483448,0.297703792667,0.224679797056,-0.0363500274476
1996-12-01,-0.0792902586212,0.403941813786,-0.0312101398609,0.293077871858,0.388287340874,0.30741666649,0.00641229602247
1997-01-01,-0.0949428852969,0.469416125181,0.0493226787366,0.309332488171,0.453929185467,0.180952478834,-0.0695425805406
1997-02-01,-0.102701838045,0.367285708907,-0.0958994825611,0.252584336004,0.374017526846,0.153173612559,-0.114662916203
1997-03-01,-0.104259129503,0.362301812457,-0.0955591652124,0.246394357791,0.382052229571,0.149709094314,-0.092611301393
1997-04-01,-0.0989831647332,0.315916145581,-0.159643311157,0.209806665246,0.314000975564,0.117420807807,-0.177571224791
1997-05-01,-0.0910969850976,0.404819245494,-0.0131726880967,0.254804267964,0.357710179282,0.143654538674,-0.198214160556
1997-06-01,-0.0895924776053,0.423632543278,0.00962407367568,0.275175636456,0.388673595106,0.171164904911,-0.146276397001
1997-07-01,-0.090101151912,0.418150355431,0.00427331596458,0.270712663459,0.385343711009,0.165079918098,-0.15035361714
1997-08-01,-0.0910669856103,0.40121311123,-0.0149804882546,0.254099164896,0.363932199159,0.155688833475,-0.161816718599
1997-09-01,-0.0902807813053,0.392701036938,-0.0283812732876,0.252000435104,0.362180083217,0.158541165387,-0.156424348644
1997-10-01,-0.0915381646972,0.375035596405,-0.042809806712,0.233635554941,0.347196321467,0.1388499558,-0.180054866187
1997-11-01,-0.09745146395,0.412323990159,0.00233664804998,0.276128638454,0.41717234776,0.176855514701,-0.0960850326179
1997-12-01,-0.111042743155,0.258931177715,-0.163815167801,0.171663911132,0.38468672409,0.142939842614,-0.0222827720019
1998-01-01,-0.124275390774,0.185819247206,-0.195286075189,0.0585897211571,0.345856447863,0.0427578481714,-0.0239497133774
1998-02-01,-0.106228405992,0.138769349494,-0.00749180454975,-0.0209512997936,0.272100451753,-0.0313093028488,-0.0785655883766
1998-03-01,-0.102420048441,0.196335791681,0.0515918979868,0.0359702428525,0.352206005138,0.020191505604,-0.00335513772148
1998-04-01,-0.097297487937,0.273056845562,0.0971697630336,0.0958060851687,0.400920276437,0.0673398987627,0.045411445764
1998-05-01,-0.0646073578397,0.368512274297,0.201574840918,0.0539735961408,0.502776878013,0.104375255919,0.091373965513
1998-06-01,-0.0577986989468,0.352005871909,0.163951136336,0.0178523022001,0.439132535171,0.0496030269957,-0.0210407000972
1998-07-01,-0.0767856722818,0.276173987438,-0.147176997921,0.00403385444501,0.316140523465,0.0741744707541,-0.0654745319441
1998-08-01,-0.0859292173673,0.276880337629,-0.152954309932,0.11093732023,0.406445814014,0.239323362445,0.110602756882
1998-09-01,-0.0849186742517,0.240933922056,-0.185882274866,0.0778807676881,0.361580142657,0.202507610576,0.0563368539282
1998-10-01,-0.0851776146877,0.237310396322,-0.190791033714,0.0741646526986,0.356764227781,0.198911403131,0.0498805681946
1998-11-01,-0.0807599473696,0.343644525159,-0.0868919504663,0.156291638219,0.450157103912,0.236567100318,0.116028835286
1998-12-01,-0.0828536172037,0.315401465341,-0.129036119205,0.137303018408,0.41371740873,0.221943140216,0.0741229157031
1999-01-01,-0.090655010841,0.243056599657,-0.30531731834,0.0758493213482,0.204251010933,0.158529639554,-0.108909392228
1999-02-01,-0.0827126572115,0.291789163364,-0.168377368127,0.0270035771994,0.26707453958,0.110958223337,-0.0146384683782
1999-03-01,-0.0816862769179,0.289030840619,-0.180257809179,0.0211963594988,0.254155434954,0.0929231987152,-0.0388027175409
1999-04-01,-0.0581347603814,0.431682959107,0.133175608522,0.107228636381,0.589651191447,0.0432317267459,0.175796001124
1999-05-01,-0.055866576596,0.488226617294,0.128062793089,0.164909355486,0.617408389326,0.098830168786,0.229578312655
1999-06-01,-0.0323114012067,0.382133621335,-0.0798861627667,0.189818353413,0.540604651111,0.282252056726,0.239025112779
1999-07-01,-0.0390701400515,0.320466302195,-0.196761542958,0.170794145564,0.424167893403,0.221865581948,0.151170530411
1999-08-01,-0.0361105664129,0.297437221835,-0.220271043541,0.152259844244,0.400602134056,0.204297302804,0.128279135971
1999-09-01,-0.019486773351,0.144542711197,-0.134751960009,0.0152088106373,0.359373401335,0.0593384110741,-0.0200427766661
1999-10-01,-0.0521772940452,0.365872196236,0.0509607380142,0.417403550576,0.42708661913,0.218199452845,-0.173325285531
1999-11-01,-0.0641916663459,0.16941682126,-0.160253997556,0.334537675224,0.20992039258,0.274405794275,-0.245265582822
1999-12-01,-0.0584156539692,0.165026911811,-0.102537927912,0.310841465948,0.34371961328,0.281101762691,-0.108662917889
2000-01-01,-0.0584683936403,0.165074812328,-0.103571560409,0.31053492553,0.341737825357,0.28075009163,-0.110680279357
2000-02-01,-0.0742419005643,0.23569877156,0.0855472287454,0.509999666115,0.342391534732,0.367970264376,-0.079635754562
2000-03-01,-0.0779965661277,0.302368049482,0.0759623228848,0.541914502739,0.181963409761,0.321328555674,-0.257188504334
2000-04-01,-0.0807490308927,0.235453333541,0.0263447826453,0.475619418139,0.181399561647,0.318763620995,-0.199702247641
2000-05-01,-0.0751790683862,0.215013104159,-0.0129666221542,0.48009939176,0.0727610407031,0.325384536294,-0.312698754416
2000-06-01,-0.0771444466407,0.212112300268,0.00413869470871,0.473564601234,0.100466910568,0.331183483485,-0.279417426968
2000-07-01,-0.080042032561,0.240505124876,-0.0353864628527,0.4949938966,0.0394647386082,0.314385234028,-0.353687214874
2000-08-01,-0.0926271930186,0.220812026508,0.0547108432713,0.438868926532,0.191550028962,0.234356651939,-0.147845218264
2000-09-01,-0.0946119115155,0.201112440758,0.0255956234337,0.416234707966,0.13587211807,0.217851603587,-0.186678432773
2000-10-01,-0.0974027733368,0.196374733939,0.0804913869641,0.411181963168,0.161670403988,0.220842089724,-0.160462734726
2000-11-01,-0.0893383408068,0.236541308633,0.0165474351623,0.439677942252,0.0590782840368,0.215519422756,-0.282136113619
2000-12-01,-0.0902865511256,0.244676361126,0.0396157675945,0.44194866345,0.0969339152528,0.219065301544,-0.250507327761
2009-01-01,-0.0854119364904,0.276778685547,-0.00486287692704,0.523620154418,0.145687376106,0.318549916056,-0.19385605809
2009-02-01,-0.0795802914869,0.285739719901,0.0866247247758,0.5189870302,0.21864120389,0.353798949867,-0.0904919251782
2009-03-01,-0.07654409347,0.258742109009,-0.0340647245643,0.515967706136,0.095176546049,0.352814635946,-0.188332300615
2009-04-01,-0.0756258845711,0.249602497973,-0.058048466311,0.509426148725,0.0613649937375,0.349024931644,-0.209811780432
2009-05-01,-0.0740942946376,0.270488612263,-0.00485687669564,0.534139248374,0.136309973813,0.369834614131,-0.154771440371
2009-06-01,-0.0685337221555,0.305584749709,-0.0346720462555,0.584384543025,0.12799032568,0.415345797155,-0.113778458088
2009-07-01,-0.0821912623273,0.423414401828,0.0925884925799,0.644563441981,0.125624703545,0.233712065594,-0.236890129096
2009-08-01,-0.0805588643609,0.422698556242,0.0842847896779,0.642436025144,0.0899176691763,0.221839194723,-0.2820593502
2009-09-01,-0.0789281232621,0.395347079863,0.0374750095461,0.632223338139,0.0493773456762,0.219901138943,-0.316987422131
2009-10-01,-0.0796235112889,0.412076205682,0.061523127912,0.658854958717,0.0955063694011,0.250712249812,-0.27195002299
2009-11-01,-0.0779514216977,0.399537547546,0.0990496985471,0.663572114327,0.188554454636,0.273832420081,-0.186791599596
2009-12-01,-0.0787542989927,0.3735116229,0.0533021050821,0.629401036478,0.135998811631,0.238755294624,-0.227540309705
2009-01-02,-0.0799257240751,0.36071003238,0.0613140817865,0.596586918097,0.10590838539,0.190292413208,-0.276821644383
2009-02-02,-0.0847758092843,0.412445277631,0.110795954491,0.562047743459,0.216969903283,0.14490695979,-0.15517372072
2009-03-02,-0.083703138228,0.409098276692,0.0833058626455,0.573721657442,0.176243388968,0.149281265159,-0.20166894453
2009-04-02,-0.0846448525702,0.381617015014,0.0677357955625,0.542968473113,0.130310698122,0.1042139458,-0.253975174605
2009-05-02,-0.0855185713574,0.410503403337,0.119473163868,0.543351019717,0.161467647673,0.0834981644012,-0.241242258028
2009-06-02,-0.0836590120751,0.420462117661,0.0910675183064,0.541473841743,0.124462196018,0.0424928606032,-0.313735548499
2009-07-02,-0.083555033362,0.415998185084,0.0848273135872,0.538323889035,0.116674501258,0.0409304806728,-0.319719731792
2009-08-02,-0.0840661426288,0.448026158897,0.100457063421,0.572801682354,0.150886744849,0.0932575124,-0.265591614318
2009-09-02,0.00686635997435,0.830070386027,0.39454211974,1.32818516698,-0.0752475783334,-0.195370697281,-0.295799158208
2009-10-02,0.0104616334668,0.532181239189,0.111901798915,1.06752732239,-0.280399283125,-0.379797321408,-0.482288737293
2009-11-02,0.01017319525,0.5131223039,0.0921106909325,1.06092509073,-0.296498769321,-0.382923031686,-0.492800600714
2009-12-02,0.0128554196206,0.669579805925,0.212617502996,1.21726838477,-0.102193731537,-0.184799474486,-0.246677410293
2009-01-03,0.0134895267807,0.63808714053,0.168775122793,1.20263537938,-0.139385697052,-0.211100100864,-0.289131594151
2009-02-03,0.0156266176797,0.589618177488,0.109464641828,1.14375013936,-0.160256522689,-0.270969773673,-0.346887819457
2009-03-03,0.013770422146,0.646587979817,0.11604578983,1.17451969738,-0.144126585497,-0.208582495027,-0.297395582074
2009-04-03,0.0156746177667,0.648454027749,0.152654185861,1.1812319584,-0.107490631795,-0.187561898123,-0.267593930503
2009-05-03,0.0147382205552,0.560479541929,0.0812369965252,1.1092229636,-0.171968073566,-0.277501178076,-0.357203693175
2009-06-03,0.0154157967766,0.600856356964,0.10924660726,1.17372297252,-0.10144825925,-0.202672080129,-0.274614220334
2009-07-03,0.0157811848773,0.607591581682,0.115443032188,1.1768998452,-0.0949644744344,-0.194967925156,-0.265853381215
2009-08-03,0.0176112394254,0.626696456262,0.167767945428,1.24999992744,-0.0109227875083,-0.0776544439683,-0.0880093714024
2009-09-03,0.0159689593993,0.612580958556,0.13299659628,1.17906086163,-0.120954150893,-0.15353573188,-0.195311925012
2009-10-03,0.0145042433262,0.631750793768,0.148307217254,1.19305682504,-0.0859777676442,-0.132852868282,-0.149654174505
2009-11-03,0.0134064129485,0.554760432376,0.07938051566,1.09179684805,-0.19716659999,-0.245342646939,-0.268837687523
2009-12-03,0.0142955814858,0.562103122475,0.0862320743755,1.12377115661,-0.167635808019,-0.202977322703,-0.232857071272
2009-01-04,0.0126819217721,0.415033729536,0.000452603819954,1.03324433294,-0.190519140428,-0.278813353116,-0.242232254924
2009-02-04,0.017032851471,0.492270610114,0.0976802731113,1.18280399888,-0.00335842761071,-0.0828446772529,0.055538109649
2009-03-04,0.00845489031547,0.277084791372,0.0585359506934,0.915907947272,-0.184409015385,-0.291877086237,0.0722386796381
2009-04-04,0.00608867387783,0.316604179925,0.125728570813,0.91118646192,-0.178821095028,-0.332356578445,0.0585572025552
2009-05-04,0.00641017701235,0.310220045685,0.122867611136,0.894324501415,-0.190073166512,-0.352974545238,0.0385432427174
2009-06-04,0.00186458178766,0.294224325702,0.0342625654279,0.763358905247,-0.310608326741,-0.414657721019,-0.0631087912065
2009-07-04,0.0059283097871,0.360154864346,0.0774134953923,0.89437194231,-0.252174316852,-0.228206348633,0.0590530554409
2009-08-04,0.00461838121845,0.369469942011,0.137836352112,0.924918226403,-0.177504870763,-0.176376994935,0.160256154128
2009-09-04,-0.0149206712366,0.167100644957,0.179089658841,0.681718578528,0.0087316794641,-0.324562618888,0.485403509439
2009-10-04,-0.0162902517319,0.1580435851,0.177844741408,0.654008696153,-0.0268055736821,-0.362210901749,0.432777194741
2009-11-04,-0.0161066277725,0.159710969903,0.179058943939,0.656823388627,-0.0226797419434,-0.360321669263,0.435732731303
2009-12-04,-0.0161908414795,0.157703652021,0.177706339627,0.653666221567,-0.0250928971933,-0.364468219695,0.431783141666
2009-01-05,-0.0168805721373,0.1464680748,0.164566752267,0.639643546851,-0.0424250692983,-0.373103012402,0.418780304416
2009-02-05,-0.0156990491933,0.137665289599,0.143943166976,0.626129501725,-0.0579555731308,-0.395549824529,0.392639455994
2009-03-05,-0.0113342336795,0.200598453707,0.154991312451,0.694068978406,-0.00867103412241,-0.356898833569,0.419354712625
2009-04-05,-0.0012895835785,0.122231107873,0.0732165080354,0.681430710324,-0.0700683118763,-0.443396182308,0.261754501269
2009-05-05,-0.00498807872999,0.143628792055,0.0915184092313,0.72186286217,-0.00942161667241,-0.3643403063,0.359288523544
2009-06-05,-0.0070186587728,0.130496113171,0.0545155436377,0.68815356059,-0.0561135932308,-0.414062524798,0.301812570558
2009-07-05,-0.0104839748735,0.129025229738,0.0698239228503,0.644594626736,-0.0808921168685,-0.472977801455,0.258737269573
2009-08-05,-0.00824112401902,0.14571904264,0.106223041454,0.682881654757,-0.0339949681209,-0.427246832598,0.31491804611
2009-09-05,0.0178559417313,0.121391695927,-0.0276380970715,0.615035773412,-0.0869789575547,-0.626429152792,0.192656644587
2009-10-05,0.0114300079581,0.0909052340971,-0.0306550978881,0.586067433892,-0.114655824011,-0.622894707469,0.175715682525
2009-11-05,0.00372272937556,0.145624801786,-0.0257146106045,0.658542913933,-0.0449513747093,-0.56340991427,0.263244727846
2009-12-05,0.00801893248852,0.185484424168,0.0234665010988,0.703052552111,0.0235265452201,-0.512207989512,0.334709058572
2009-01-06,0.0604112105671,0.256502944291,-0.107932450351,0.853671190152,0.193055623084,-0.630912361162,0.311701099081
2009-02-06,0.0610301400401,0.262682352503,-0.107723325382,0.860935601704,0.203090772896,-0.61705565364,0.327864548839
2009-03-06,-0.0506323509931,0.129217655323,-0.186910461446,0.588713641766,0.55726120746,-0.615099705492,0.48120513088
2009-04-06,-0.0536528304181,0.12159454496,-0.194180522395,0.572016165852,0.535861511571,-0.652192869088,0.443982541359
2009-05-06,-7.23728780967e-005,0.553876731825,-0.24281627796,0.700749223726,0.592556448397,-0.616454476568,0.405384008225
2009-06-06,0.0137675517359,0.462962830419,-0.338401286796,0.630538421586,0.434704537996,-0.755306749709,0.169397514737
2009-07-06,0.0614197035139,0.53720837665,-0.382376015139,0.698503480368,0.388545784288,-0.616309943679,0.176243811867
2009-08-06,0.0620918538108,0.542762290091,-0.384146314407,0.697627076201,0.382997752754,-0.618456530218,0.168202780421
2009-09-06,0.0659072476105,0.553781964728,-0.353670163543,0.722165245705,0.403171304583,-0.592285459617,0.19384676981
2009-10-06,0.0895333896653,0.680535299337,-0.188309987899,0.793867669463,0.531113232032,-0.537565336396,0.231797642154
2009-11-06,0.0804703664694,0.617526825414,-0.259596438913,0.708311683343,0.450083637874,-0.645016476916,0.0950051791153
2009-12-06,0.0600275280813,0.526031869928,-0.313514037571,0.555927229662,0.264574389646,-0.779798656783,-0.0181712022533
2009-01-07,0.114599999925,0.873156133099,-0.199299622023,0.687305998752,0.149098078639,-0.667644478719,-0.0488301113197
2009-02-07,0.118107159825,0.878181003779,-0.182341086372,0.712129794619,0.178425402765,-0.655574636207,-0.0338393008446
2009-03-07,0.0797257899811,1.0834870146,0.045387602306,0.660097683171,0.197224213498,-0.548600866145,-0.00629442617552
2009-04-07,0.0352745038572,0.908494523579,-0.0107835850776,0.545472842153,0.143468550936,-0.672130396125,-0.100806952469
2009-05-07,0.026927981019,0.831949926618,-0.105854113693,0.483984849896,0.057460194239,-0.69245661658,-0.152165136902
2009-06-07,0.0372116613567,0.922283726537,-0.0224014587312,0.568715255925,0.157316809434,-0.60218928926,-0.040052944034
2009-07-07,0.0521698208087,0.843293086498,-0.0726330666019,0.463897848302,0.0934332260005,-0.688050122074,-0.0608919148264
2009-08-07,0.0426706036378,0.939112332899,-0.0455537630579,0.588817041181,0.143572949025,-0.49738610785,0.0554182638635
2009-09-07,0.0238989964495,0.85591957223,-0.153120078776,0.604492662303,0.116018464365,-0.599353987453,-0.072572164699
2009-10-07,0.0135596518513,0.74440572128,-0.280627324764,0.531776892246,0.000173376471274,-0.612681324578,-0.158349551823
2009-11-07,0.0356611059906,0.737007557719,-0.036948314279,0.555896056421,0.163239899482,-0.543041394294,0.129520217839
2009-12-07,0.0373354835692,0.710055575556,-0.0559183240188,0.526017936793,0.138277600097,-0.585510634685,0.0903722171628
2009-01-08,-0.0957280040361,1.15972685933,0.262523458217,1.06692403796,0.0039189301162,-0.172215934049,-0.216775222728
2009-02-08,-0.0927567524993,1.11214321775,0.166199701779,1.0101409505,-0.0951065871822,-0.223354983253,-0.33109659464
2009-03-08,-0.0848116328434,0.926142309279,0.0751753363064,0.873571260337,-0.158229573561,-0.388000047744,-0.474481098253
2009-04-08,-0.111948580659,1.07562492067,0.0926802686808,1.10450955316,0.241666417124,-0.729334906321,-0.342661937385
2009-05-08,-0.114265030017,0.984315507328,0.00366623471363,0.97970316288,0.0931035670034,-0.794121528393,-0.44787262687
2009-06-08,-0.108271591681,0.928134678387,0.117431635623,1.11771326676,0.297956725247,-0.661178120261,-0.227605514728
2009-07-08,-0.106887705897,0.845369665982,0.056966092397,1.04235746009,0.236127685289,-0.742286310847,-0.277998257548
2009-08-08,-0.0842985736467,0.83962884031,-0.112599439706,0.862608610514,-0.357946094988,0.0595991017162,0.085722937328
2009-09-08,-0.0950953691733,0.75397421579,-0.192800005659,0.6625377792,-0.422043535521,-0.27318248714,-0.0882048199328
2009-10-08,-0.0976803173013,0.897383268883,0.0238634815422,0.85769670344,-0.0925074962039,-0.172066388349,0.155604160329
2009-11-08,-0.0973054530882,0.812553103884,-0.065324539511,0.730087553653,-0.21556197431,-0.284083244682,0.0339099646738
2009-12-08,-0.0974050645259,0.836449514352,-0.0374704475375,0.769672980875,-0.175466472014,-0.23874841407,0.0812803980384
2009-01-09,-0.0973774363208,0.837918854944,-0.0280545054195,0.809699363555,-0.145243089293,-0.18819586604,0.125853683121
2009-02-09,-0.0972473347958,0.708627819756,-0.0814654617498,0.697655379006,-0.194085139594,-0.34318496328,0.0433084915262
2009-03-09,-0.0972921375679,0.731800599949,-0.0687734890438,0.718809626925,-0.18119239815,-0.319651817605,0.0608511046979
